First Name,Last Name,Email,Department,Position
John,Doe,john.doe@example.com,IT,Software Engineer
John,Smith,jo.smith@example.com,Engineering,Software Engineer
John,Smith,jo108.smith@example.com,Engineering,Software Engineer
John,Doe,johnabel.doe@example.com,Human Resources,Senior HR Specialist
Jane,Doe,jane.doe@example.com,HR,Associate
Elias,Elias,johnelias.doe@example.com,IT,Manager
Janeman,Doe,janeman.doe@example.com,HR,Associate